"","values","Year","process","species","species_process"
"1",1277340000,1977,"Recruitment","Bering Sea","Bering Sea_R"
"2",1244630000,1978,"Recruitment","Bering Sea","Bering Sea_R"
"3",1802550000,1979,"Recruitment","Bering Sea","Bering Sea_R"
"4",3807550000,1980,"Recruitment","Bering Sea","Bering Sea_R"
"5",2041060000,1981,"Recruitment","Bering Sea","Bering Sea_R"
"6",1977330000,1982,"Recruitment","Bering Sea","Bering Sea_R"
"7",1399930000,1983,"Recruitment","Bering Sea","Bering Sea_R"
"8",1953160000,1984,"Recruitment","Bering Sea","Bering Sea_R"
"9",5324640000,1985,"Recruitment","Bering Sea","Bering Sea_R"
"10",7443620000,1986,"Recruitment","Bering Sea","Bering Sea_R"
"11",6382400000,1987,"Recruitment","Bering Sea","Bering Sea_R"
"12",2743700000,1988,"Recruitment","Bering Sea","Bering Sea_R"
"13",777764000,1989,"Recruitment","Bering Sea","Bering Sea_R"
"14",691721000,1990,"Recruitment","Bering Sea","Bering Sea_R"
"15",945306000,1991,"Recruitment","Bering Sea","Bering Sea_R"
"16",970098000,1992,"Recruitment","Bering Sea","Bering Sea_R"
"17",830235000,1993,"Recruitment","Bering Sea","Bering Sea_R"
"18",577750000,1994,"Recruitment","Bering Sea","Bering Sea_R"
"19",716564000,1995,"Recruitment","Bering Sea","Bering Sea_R"
"20",1696520000,1996,"Recruitment","Bering Sea","Bering Sea_R"
"21",1814850000,1997,"Recruitment","Bering Sea","Bering Sea_R"
"22",1792580000,1998,"Recruitment","Bering Sea","Bering Sea_R"
"23",1570170000,1999,"Recruitment","Bering Sea","Bering Sea_R"
"24",807515000,2000,"Recruitment","Bering Sea","Bering Sea_R"
"25",355932000,2001,"Recruitment","Bering Sea","Bering Sea_R"
"26",1141960000,2002,"Recruitment","Bering Sea","Bering Sea_R"
"27",2809640000,2003,"Recruitment","Bering Sea","Bering Sea_R"
"28",1553820000,2004,"Recruitment","Bering Sea","Bering Sea_R"
"29",1272320000,2005,"Recruitment","Bering Sea","Bering Sea_R"
"30",1300460000,2006,"Recruitment","Bering Sea","Bering Sea_R"
"31",1412560000,2007,"Recruitment","Bering Sea","Bering Sea_R"
"32",1665170000,2008,"Recruitment","Bering Sea","Bering Sea_R"
"33",7351800000,2009,"Recruitment","Bering Sea","Bering Sea_R"
"34",6869590000,2010,"Recruitment","Bering Sea","Bering Sea_R"
"35",5116200000,2011,"Recruitment","Bering Sea","Bering Sea_R"
"36",492236000,2012,"Recruitment","Bering Sea","Bering Sea_R"
"37",175007000,2013,"Recruitment","Bering Sea","Bering Sea_R"
"38",130964000,2014,"Recruitment","Bering Sea","Bering Sea_R"
"39",303687000,2015,"Recruitment","Bering Sea","Bering Sea_R"
"40",577925000,2016,"Recruitment","Bering Sea","Bering Sea_R"
"41",3125320000,2017,"Recruitment","Bering Sea","Bering Sea_R"
"42",1357530000,2018,"Recruitment","Bering Sea","Bering Sea_R"
"43",0.229713,1982,"M_imm","Bering Sea","Bering Sea_M"
"44",0.170636,1983,"M_imm","Bering Sea","Bering Sea_M"
"45",0.147349,1984,"M_imm","Bering Sea","Bering Sea_M"
"46",0.0912786,1985,"M_imm","Bering Sea","Bering Sea_M"
"47",0.0828744,1986,"M_imm","Bering Sea","Bering Sea_M"
"48",0.104313,1987,"M_imm","Bering Sea","Bering Sea_M"
"49",0.131554,1988,"M_imm","Bering Sea","Bering Sea_M"
"50",0.17197,1989,"M_imm","Bering Sea","Bering Sea_M"
"51",0.216647,1990,"M_imm","Bering Sea","Bering Sea_M"
"52",0.282267,1991,"M_imm","Bering Sea","Bering Sea_M"
"53",0.250983,1992,"M_imm","Bering Sea","Bering Sea_M"
"54",0.311791,1993,"M_imm","Bering Sea","Bering Sea_M"
"55",0.295833,1994,"M_imm","Bering Sea","Bering Sea_M"
"56",0.325076,1995,"M_imm","Bering Sea","Bering Sea_M"
"57",0.451671,1996,"M_imm","Bering Sea","Bering Sea_M"
"58",0.512897,1997,"M_imm","Bering Sea","Bering Sea_M"
"59",0.323357,1998,"M_imm","Bering Sea","Bering Sea_M"
"60",0.130247,1999,"M_imm","Bering Sea","Bering Sea_M"
"61",0.164037,2000,"M_imm","Bering Sea","Bering Sea_M"
"62",0.325,2001,"M_imm","Bering Sea","Bering Sea_M"
"63",0.222803,2002,"M_imm","Bering Sea","Bering Sea_M"
"64",0.194102,2003,"M_imm","Bering Sea","Bering Sea_M"
"65",0.185797,2004,"M_imm","Bering Sea","Bering Sea_M"
"66",0.199325,2005,"M_imm","Bering Sea","Bering Sea_M"
"67",0.170999,2006,"M_imm","Bering Sea","Bering Sea_M"
"68",0.187247,2007,"M_imm","Bering Sea","Bering Sea_M"
"69",0.163732,2008,"M_imm","Bering Sea","Bering Sea_M"
"70",0.17621,2009,"M_imm","Bering Sea","Bering Sea_M"
"71",0.358843,2010,"M_imm","Bering Sea","Bering Sea_M"
"72",0.344439,2011,"M_imm","Bering Sea","Bering Sea_M"
"73",0.26429,2012,"M_imm","Bering Sea","Bering Sea_M"
"74",0.252643,2013,"M_imm","Bering Sea","Bering Sea_M"
"75",0.479842,2014,"M_imm","Bering Sea","Bering Sea_M"
"76",0.429726,2015,"M_imm","Bering Sea","Bering Sea_M"
"77",0.225794,2016,"M_imm","Bering Sea","Bering Sea_M"
"78",0.178123,2017,"M_imm","Bering Sea","Bering Sea_M"
"79",0.436927,2018,"M_imm","Bering Sea","Bering Sea_M"
"80",1.73184,2019,"M_imm","Bering Sea","Bering Sea_M"
"81",0.258453,2020,"M_imm","Bering Sea","Bering Sea_M"
"82",0.118208,2021,"M_imm","Bering Sea","Bering Sea_M"
"83",0.19728,2022,"M_imm","Bering Sea","Bering Sea_M"
"84",0.335729,2023,"M_imm","Bering Sea","Bering Sea_M"
"85",0.363328,1982,"M_mat","Bering Sea","Bering Sea_M"
"86",0.835615,1983,"M_mat","Bering Sea","Bering Sea_M"
"87",1.72847,1984,"M_mat","Bering Sea","Bering Sea_M"
"88",0.266539,1985,"M_mat","Bering Sea","Bering Sea_M"
"89",0.12809,1986,"M_mat","Bering Sea","Bering Sea_M"
"90",0.179766,1987,"M_mat","Bering Sea","Bering Sea_M"
"91",0.350091,1988,"M_mat","Bering Sea","Bering Sea_M"
"92",0.4094,1989,"M_mat","Bering Sea","Bering Sea_M"
"93",0.581228,1990,"M_mat","Bering Sea","Bering Sea_M"
"94",1.25632,1991,"M_mat","Bering Sea","Bering Sea_M"
"95",0.497953,1992,"M_mat","Bering Sea","Bering Sea_M"
"96",0.455592,1993,"M_mat","Bering Sea","Bering Sea_M"
"97",0.504422,1994,"M_mat","Bering Sea","Bering Sea_M"
"98",0.851511,1995,"M_mat","Bering Sea","Bering Sea_M"
"99",0.79172,1996,"M_mat","Bering Sea","Bering Sea_M"
"100",0.799868,1997,"M_mat","Bering Sea","Bering Sea_M"
"101",0.916242,1998,"M_mat","Bering Sea","Bering Sea_M"
"102",0.284616,1999,"M_mat","Bering Sea","Bering Sea_M"
"103",0.243521,2000,"M_mat","Bering Sea","Bering Sea_M"
"104",0.649991,2001,"M_mat","Bering Sea","Bering Sea_M"
"105",0.579952,2002,"M_mat","Bering Sea","Bering Sea_M"
"106",0.341454,2003,"M_mat","Bering Sea","Bering Sea_M"
"107",0.316811,2004,"M_mat","Bering Sea","Bering Sea_M"
"108",0.70658,2005,"M_mat","Bering Sea","Bering Sea_M"
"109",0.861718,2006,"M_mat","Bering Sea","Bering Sea_M"
"110",0.788931,2007,"M_mat","Bering Sea","Bering Sea_M"
"111",0.482342,2008,"M_mat","Bering Sea","Bering Sea_M"
"112",0.206745,2009,"M_mat","Bering Sea","Bering Sea_M"
"113",0.191635,2010,"M_mat","Bering Sea","Bering Sea_M"
"114",0.36611,2011,"M_mat","Bering Sea","Bering Sea_M"
"115",0.94376,2012,"M_mat","Bering Sea","Bering Sea_M"
"116",0.525677,2013,"M_mat","Bering Sea","Bering Sea_M"
"117",0.832254,2014,"M_mat","Bering Sea","Bering Sea_M"
"118",0.606332,2015,"M_mat","Bering Sea","Bering Sea_M"
"119",0.426597,2016,"M_mat","Bering Sea","Bering Sea_M"
"120",0.472905,2017,"M_mat","Bering Sea","Bering Sea_M"
"121",1.03638,2018,"M_mat","Bering Sea","Bering Sea_M"
"122",1.59638,2019,"M_mat","Bering Sea","Bering Sea_M"
"123",0.461042,2020,"M_mat","Bering Sea","Bering Sea_M"
"124",0.90506,2021,"M_mat","Bering Sea","Bering Sea_M"
"125",0.415657,2022,"M_mat","Bering Sea","Bering Sea_M"
"126",0.156827,2023,"M_mat","Bering Sea","Bering Sea_M"
"127",0.32296,1982,"Fishing mortality","Bering Sea","Bering Sea_F"
"128",0.170068,1983,"Fishing mortality","Bering Sea","Bering Sea_F"
"129",0.751537,1984,"Fishing mortality","Bering Sea","Bering Sea_F"
"130",1.52494,1985,"Fishing mortality","Bering Sea","Bering Sea_F"
"131",1.13287,1986,"Fishing mortality","Bering Sea","Bering Sea_F"
"132",1.22768,1987,"Fishing mortality","Bering Sea","Bering Sea_F"
"133",0.916225,1988,"Fishing mortality","Bering Sea","Bering Sea_F"
"134",0.864644,1989,"Fishing mortality","Bering Sea","Bering Sea_F"
"135",2.31612,1990,"Fishing mortality","Bering Sea","Bering Sea_F"
"136",1.98675,1991,"Fishing mortality","Bering Sea","Bering Sea_F"
"137",5.19717,1992,"Fishing mortality","Bering Sea","Bering Sea_F"
"138",2.59017,1993,"Fishing mortality","Bering Sea","Bering Sea_F"
"139",2.47531,1994,"Fishing mortality","Bering Sea","Bering Sea_F"
"140",1.69125,1995,"Fishing mortality","Bering Sea","Bering Sea_F"
"141",1.80243,1996,"Fishing mortality","Bering Sea","Bering Sea_F"
"142",1.89501,1997,"Fishing mortality","Bering Sea","Bering Sea_F"
"143",3.09953,1998,"Fishing mortality","Bering Sea","Bering Sea_F"
"144",0.463007,1999,"Fishing mortality","Bering Sea","Bering Sea_F"
"145",0.43727,2000,"Fishing mortality","Bering Sea","Bering Sea_F"
"146",1.20241,2001,"Fishing mortality","Bering Sea","Bering Sea_F"
"147",1.40321,2002,"Fishing mortality","Bering Sea","Bering Sea_F"
"148",0.476243,2003,"Fishing mortality","Bering Sea","Bering Sea_F"
"149",0.354306,2004,"Fishing mortality","Bering Sea","Bering Sea_F"
"150",0.683985,2005,"Fishing mortality","Bering Sea","Bering Sea_F"
"151",1.2612,2006,"Fishing mortality","Bering Sea","Bering Sea_F"
"152",1.60997,2007,"Fishing mortality","Bering Sea","Bering Sea_F"
"153",0.954573,2008,"Fishing mortality","Bering Sea","Bering Sea_F"
"154",0.440835,2009,"Fishing mortality","Bering Sea","Bering Sea_F"
"155",0.190838,2010,"Fishing mortality","Bering Sea","Bering Sea_F"
"156",0.510352,2011,"Fishing mortality","Bering Sea","Bering Sea_F"
"157",1.16952,2012,"Fishing mortality","Bering Sea","Bering Sea_F"
"158",1.73618,2013,"Fishing mortality","Bering Sea","Bering Sea_F"
"159",2.19944,2014,"Fishing mortality","Bering Sea","Bering Sea_F"
"160",1.77809,2015,"Fishing mortality","Bering Sea","Bering Sea_F"
"161",1.00737,2016,"Fishing mortality","Bering Sea","Bering Sea_F"
"162",1.1261,2017,"Fishing mortality","Bering Sea","Bering Sea_F"
"163",3.22148,2018,"Fishing mortality","Bering Sea","Bering Sea_F"
"164",5.30889,2019,"Fishing mortality","Bering Sea","Bering Sea_F"
"165",6.85448,2020,"Fishing mortality","Bering Sea","Bering Sea_F"
"166",0.368952,2021,"Fishing mortality","Bering Sea","Bering Sea_F"
"167",0,2022,"Fishing mortality","Bering Sea","Bering Sea_F"
"168",0,2023,"Fishing mortality","Bering Sea","Bering Sea_F"
"169",0.247500866519946,1982,"N_imm","Bering Sea","Bering Sea_N"
"170",0.211774026858871,1983,"N_imm","Bering Sea","Bering Sea_N"
"171",0.209085767591533,1984,"N_imm","Bering Sea","Bering Sea_N"
"172",0.262310647769115,1985,"N_imm","Bering Sea","Bering Sea_N"
"173",0.463412885324955,1986,"N_imm","Bering Sea","Bering Sea_N"
"174",0.506198246759647,1987,"N_imm","Bering Sea","Bering Sea_N"
"175",0.50081721029625,1988,"N_imm","Bering Sea","Bering Sea_N"
"176",0.459477754766454,1989,"N_imm","Bering Sea","Bering Sea_N"
"177",0.435738742348432,1990,"N_imm","Bering Sea","Bering Sea_N"
"178",0.628115345520253,1991,"N_imm","Bering Sea","Bering Sea_N"
"179",0.866577179330334,1992,"N_imm","Bering Sea","Bering Sea_N"
"180",1,1993,"N_imm","Bering Sea","Bering Sea_N"
"181",0.795379405943226,1994,"N_imm","Bering Sea","Bering Sea_N"
"182",0.51854773849809,1995,"N_imm","Bering Sea","Bering Sea_N"
"183",0.310975076759768,1996,"N_imm","Bering Sea","Bering Sea_N"
"184",0.194941841472289,1997,"N_imm","Bering Sea","Bering Sea_N"
"185",0.131734479785552,1998,"N_imm","Bering Sea","Bering Sea_N"
"186",0.120817610927567,1999,"N_imm","Bering Sea","Bering Sea_N"
"187",0.129249773378796,2000,"N_imm","Bering Sea","Bering Sea_N"
"188",0.140446266602412,2001,"N_imm","Bering Sea","Bering Sea_N"
"189",0.192880482527436,2002,"N_imm","Bering Sea","Bering Sea_N"
"190",0.252141532962926,2003,"N_imm","Bering Sea","Bering Sea_N"
"191",0.292965890359788,2004,"N_imm","Bering Sea","Bering Sea_N"
"192",0.304989172957722,2005,"N_imm","Bering Sea","Bering Sea_N"
"193",0.241157193768522,2006,"N_imm","Bering Sea","Bering Sea_N"
"194",0.167452387294903,2007,"N_imm","Bering Sea","Bering Sea_N"
"195",0.170067109045103,2008,"N_imm","Bering Sea","Bering Sea_N"
"196",0.30537799987041,2009,"N_imm","Bering Sea","Bering Sea_N"
"197",0.318133546811531,2010,"N_imm","Bering Sea","Bering Sea_N"
"198",0.273220470526325,2011,"N_imm","Bering Sea","Bering Sea_N"
"199",0.231605402728114,2012,"N_imm","Bering Sea","Bering Sea_N"
"200",0.226102864465867,2013,"N_imm","Bering Sea","Bering Sea_N"
"201",0.247218207944933,2014,"N_imm","Bering Sea","Bering Sea_N"
"202",0.567440370145787,2015,"N_imm","Bering Sea","Bering Sea_N"
"203",0.754210882254684,2016,"N_imm","Bering Sea","Bering Sea_N"
"204",0.836784532602887,2017,"N_imm","Bering Sea","Bering Sea_N"
"205",0.584175680378273,2018,"N_imm","Bering Sea","Bering Sea_N"
"206",0.292513882549725,2019,"N_imm","Bering Sea","Bering Sea_N"
"207",0.0347443440221413,2020,"N_imm","Bering Sea","Bering Sea_N"
"208",0.0277689223708976,2021,"N_imm","Bering Sea","Bering Sea_N"
"209",0.0599562448485082,2022,"N_imm","Bering Sea","Bering Sea_N"
"210",0.253367478886374,2023,"N_imm","Bering Sea","Bering Sea_N"
"211",0.530607562462906,1982,"N_mat","Bering Sea","Bering Sea_N"
"212",0.663337445550616,1983,"N_mat","Bering Sea","Bering Sea_N"
"213",0.471476767562473,1984,"N_mat","Bering Sea","Bering Sea_N"
"214",0.177899285204137,1985,"N_mat","Bering Sea","Bering Sea_N"
"215",0.310747274388474,1986,"N_mat","Bering Sea","Bering Sea_N"
"216",0.542156210089287,1987,"N_mat","Bering Sea","Bering Sea_N"
"217",0.844163178572334,1988,"N_mat","Bering Sea","Bering Sea_N"
"218",0.891882766302927,1989,"N_mat","Bering Sea","Bering Sea_N"
"219",0.91614338112664,1990,"N_mat","Bering Sea","Bering Sea_N"
"220",0.76389240764275,1991,"N_mat","Bering Sea","Bering Sea_N"
"221",0.463628808035534,1992,"N_mat","Bering Sea","Bering Sea_N"
"222",0.617013752337101,1993,"N_mat","Bering Sea","Bering Sea_N"
"223",0.843754086492268,1994,"N_mat","Bering Sea","Bering Sea_N"
"224",1,1995,"N_mat","Bering Sea","Bering Sea_N"
"225",0.801442923630668,1996,"N_mat","Bering Sea","Bering Sea_N"
"226",0.571981048273091,1997,"N_mat","Bering Sea","Bering Sea_N"
"227",0.385871875478491,1998,"N_mat","Bering Sea","Bering Sea_N"
"228",0.211765102088069,1999,"N_mat","Bering Sea","Bering Sea_N"
"229",0.223708304209252,2000,"N_mat","Bering Sea","Bering Sea_N"
"230",0.24941099230377,2001,"N_mat","Bering Sea","Bering Sea_N"
"231",0.192450863842972,2002,"N_mat","Bering Sea","Bering Sea_N"
"232",0.195092616367341,2003,"N_mat","Bering Sea","Bering Sea_N"
"233",0.289061316784555,2004,"N_mat","Bering Sea","Bering Sea_N"
"234",0.398216379759613,2005,"N_mat","Bering Sea","Bering Sea_N"
"235",0.420615781297111,2006,"N_mat","Bering Sea","Bering Sea_N"
"236",0.373297844147242,2007,"N_mat","Bering Sea","Bering Sea_N"
"237",0.321481822547694,2008,"N_mat","Bering Sea","Bering Sea_N"
"238",0.31590832926167,2009,"N_mat","Bering Sea","Bering Sea_N"
"239",0.444653915441201,2010,"N_mat","Bering Sea","Bering Sea_N"
"240",0.502431170740396,2011,"N_mat","Bering Sea","Bering Sea_N"
"241",0.534604904282723,2012,"N_mat","Bering Sea","Bering Sea_N"
"242",0.352075597620448,2013,"N_mat","Bering Sea","Bering Sea_N"
"243",0.353225347790014,2014,"N_mat","Bering Sea","Bering Sea_N"
"244",0.265773442130684,2015,"N_mat","Bering Sea","Bering Sea_N"
"245",0.307146567001162,2016,"N_mat","Bering Sea","Bering Sea_N"
"246",0.647608499938775,2017,"N_mat","Bering Sea","Bering Sea_N"
"247",0.990660818046889,2018,"N_mat","Bering Sea","Bering Sea_N"
"248",0.678956159267823,2019,"N_mat","Bering Sea","Bering Sea_N"
"249",0.235434742257113,2020,"N_mat","Bering Sea","Bering Sea_N"
"250",0.214550207684684,2021,"N_mat","Bering Sea","Bering Sea_N"
"251",0.102358264112997,2022,"N_mat","Bering Sea","Bering Sea_N"
"252",0.104763392123429,2023,"N_mat","Bering Sea","Bering Sea_N"
"253",56.6323637994507,1982,"avg_size","Bering Sea","Bering Sea_a"
"254",52.7569801409398,1983,"avg_size","Bering Sea","Bering Sea_a"
"255",48.1983800824047,1984,"avg_size","Bering Sea","Bering Sea_a"
"256",44.9348097474256,1985,"avg_size","Bering Sea","Bering Sea_a"
"257",42.4156548421166,1986,"avg_size","Bering Sea","Bering Sea_a"
"258",46.3233187328482,1987,"avg_size","Bering Sea","Bering Sea_a"
"259",49.5879264945798,1988,"avg_size","Bering Sea","Bering Sea_a"
"260",54.135983593453,1989,"avg_size","Bering Sea","Bering Sea_a"
"261",54.5680189594023,1990,"avg_size","Bering Sea","Bering Sea_a"
"262",45.864296414363,1991,"avg_size","Bering Sea","Bering Sea_a"
"263",42.145236995299,1992,"avg_size","Bering Sea","Bering Sea_a"
"264",43.5310838684024,1993,"avg_size","Bering Sea","Bering Sea_a"
"265",48.8718186929787,1994,"avg_size","Bering Sea","Bering Sea_a"
"266",55.750515930134,1995,"avg_size","Bering Sea","Bering Sea_a"
"267",60.9153314159102,1996,"avg_size","Bering Sea","Bering Sea_a"
"268",59.075173862174,1997,"avg_size","Bering Sea","Bering Sea_a"
"269",49.307216512343,1998,"avg_size","Bering Sea","Bering Sea_a"
"270",45.1803057457929,1999,"avg_size","Bering Sea","Bering Sea_a"
"271",47.3870007808902,2000,"avg_size","Bering Sea","Bering Sea_a"
"272",48.8431247955787,2001,"avg_size","Bering Sea","Bering Sea_a"
"273",44.6363988161072,2002,"avg_size","Bering Sea","Bering Sea_a"
"274",44.3007813394401,2003,"avg_size","Bering Sea","Bering Sea_a"
"275",44.6549999096574,2004,"avg_size","Bering Sea","Bering Sea_a"
"276",46.9693267006912,2005,"avg_size","Bering Sea","Bering Sea_a"
"277",50.8303143664262,2006,"avg_size","Bering Sea","Bering Sea_a"
"278",54.9598012433135,2007,"avg_size","Bering Sea","Bering Sea_a"
"279",49.6657883268712,2008,"avg_size","Bering Sea","Bering Sea_a"
"280",43.5332018424026,2009,"avg_size","Bering Sea","Bering Sea_a"
"281",43.9042889781153,2010,"avg_size","Bering Sea","Bering Sea_a"
"282",47.9648779382594,2011,"avg_size","Bering Sea","Bering Sea_a"
"283",49.3413513360336,2012,"avg_size","Bering Sea","Bering Sea_a"
"284",47.0270124104547,2013,"avg_size","Bering Sea","Bering Sea_a"
"285",45.6940435992359,2014,"avg_size","Bering Sea","Bering Sea_a"
"286",38.8758714215386,2015,"avg_size","Bering Sea","Bering Sea_a"
"287",40.631659960694,2016,"avg_size","Bering Sea","Bering Sea_a"
"288",43.5878696462772,2017,"avg_size","Bering Sea","Bering Sea_a"
"289",50.9843395513968,2018,"avg_size","Bering Sea","Bering Sea_a"
"290",60.9174046943309,2019,"avg_size","Bering Sea","Bering Sea_a"
"291",66.746745654159,2020,"avg_size","Bering Sea","Bering Sea_a"
"292",46.7095074293407,2021,"avg_size","Bering Sea","Bering Sea_a"
"293",39.4083802309434,2022,"avg_size","Bering Sea","Bering Sea_a"
"294",37.3816665253862,2023,"avg_size","Bering Sea","Bering Sea_a"
"295",30950200000,1990,"Recruitment","Newfoundland","Newfoundland_R"
"296",24453300000,1991,"Recruitment","Newfoundland","Newfoundland_R"
"297",14934600000,1992,"Recruitment","Newfoundland","Newfoundland_R"
"298",15067600000,1993,"Recruitment","Newfoundland","Newfoundland_R"
"299",11638900000,1994,"Recruitment","Newfoundland","Newfoundland_R"
"300",9799590000,1995,"Recruitment","Newfoundland","Newfoundland_R"
"301",12596400000,1996,"Recruitment","Newfoundland","Newfoundland_R"
"302",6656770000,1997,"Recruitment","Newfoundland","Newfoundland_R"
"303",9220670000,1998,"Recruitment","Newfoundland","Newfoundland_R"
"304",14224900000,1999,"Recruitment","Newfoundland","Newfoundland_R"
"305",18347300000,2000,"Recruitment","Newfoundland","Newfoundland_R"
"306",12398900000,2001,"Recruitment","Newfoundland","Newfoundland_R"
"307",1.0906e+10,2002,"Recruitment","Newfoundland","Newfoundland_R"
"308",8413600000,2003,"Recruitment","Newfoundland","Newfoundland_R"
"309",955431000,2004,"Recruitment","Newfoundland","Newfoundland_R"
"310",2524460000,2005,"Recruitment","Newfoundland","Newfoundland_R"
"311",2825820000,2006,"Recruitment","Newfoundland","Newfoundland_R"
"312",2171070000,2007,"Recruitment","Newfoundland","Newfoundland_R"
"313",5888320000,2008,"Recruitment","Newfoundland","Newfoundland_R"
"314",5539210000,2009,"Recruitment","Newfoundland","Newfoundland_R"
"315",3.005e+09,2010,"Recruitment","Newfoundland","Newfoundland_R"
"316",10067900000,2011,"Recruitment","Newfoundland","Newfoundland_R"
"317",9708740000,2012,"Recruitment","Newfoundland","Newfoundland_R"
"318",8564910000,2013,"Recruitment","Newfoundland","Newfoundland_R"
"319",18088300000,2014,"Recruitment","Newfoundland","Newfoundland_R"
"320",5666520000,2015,"Recruitment","Newfoundland","Newfoundland_R"
"321",5133020000,2016,"Recruitment","Newfoundland","Newfoundland_R"
"322",1387220000,2017,"Recruitment","Newfoundland","Newfoundland_R"
"323",6132690000,2018,"Recruitment","Newfoundland","Newfoundland_R"
"324",0.966704,1995,"M_imm","Newfoundland","Newfoundland_M"
"325",1.27447,1996,"M_imm","Newfoundland","Newfoundland_M"
"326",0.57993,1997,"M_imm","Newfoundland","Newfoundland_M"
"327",1.50607,1998,"M_imm","Newfoundland","Newfoundland_M"
"328",0.529282,1999,"M_imm","Newfoundland","Newfoundland_M"
"329",0.886877,2000,"M_imm","Newfoundland","Newfoundland_M"
"330",1.18263,2001,"M_imm","Newfoundland","Newfoundland_M"
"331",0.925266,2002,"M_imm","Newfoundland","Newfoundland_M"
"332",0.779957,2003,"M_imm","Newfoundland","Newfoundland_M"
"333",1.29639,2004,"M_imm","Newfoundland","Newfoundland_M"
"334",0.51305,2005,"M_imm","Newfoundland","Newfoundland_M"
"335",1.07593,2006,"M_imm","Newfoundland","Newfoundland_M"
"336",0.311176,2007,"M_imm","Newfoundland","Newfoundland_M"
"337",0.717008,2008,"M_imm","Newfoundland","Newfoundland_M"
"338",0.986492,2009,"M_imm","Newfoundland","Newfoundland_M"
"339",0.850408,2010,"M_imm","Newfoundland","Newfoundland_M"
"340",0.587553,2011,"M_imm","Newfoundland","Newfoundland_M"
"341",0.25317,2012,"M_imm","Newfoundland","Newfoundland_M"
"342",0.341266,2013,"M_imm","Newfoundland","Newfoundland_M"
"343",1.45527,2014,"M_imm","Newfoundland","Newfoundland_M"
"344",0.370922,2015,"M_imm","Newfoundland","Newfoundland_M"
"345",0.508046,2016,"M_imm","Newfoundland","Newfoundland_M"
"346",0.809475,2017,"M_imm","Newfoundland","Newfoundland_M"
"347",0.23655,2018,"M_imm","Newfoundland","Newfoundland_M"
"348",0.328084,2019,"M_imm","Newfoundland","Newfoundland_M"
"349",0.969621,2020,"M_imm","Newfoundland","Newfoundland_M"
"350",0.924909,2021,"M_imm","Newfoundland","Newfoundland_M"
"351",1.04757,2022,"M_imm","Newfoundland","Newfoundland_M"
"352",0.583634,2023,"M_imm","Newfoundland","Newfoundland_M"
"353",1.37207,1995,"M_mat","Newfoundland","Newfoundland_M"
"354",0.790915,1996,"M_mat","Newfoundland","Newfoundland_M"
"355",0.868818,1997,"M_mat","Newfoundland","Newfoundland_M"
"356",2.02492,1998,"M_mat","Newfoundland","Newfoundland_M"
"357",0.786863,1999,"M_mat","Newfoundland","Newfoundland_M"
"358",1.08421,2000,"M_mat","Newfoundland","Newfoundland_M"
"359",0.967042,2001,"M_mat","Newfoundland","Newfoundland_M"
"360",0.800613,2002,"M_mat","Newfoundland","Newfoundland_M"
"361",0.392761,2003,"M_mat","Newfoundland","Newfoundland_M"
"362",0.448075,2004,"M_mat","Newfoundland","Newfoundland_M"
"363",0.429558,2005,"M_mat","Newfoundland","Newfoundland_M"
"364",0.43246,2006,"M_mat","Newfoundland","Newfoundland_M"
"365",0.690395,2007,"M_mat","Newfoundland","Newfoundland_M"
"366",1.23251,2008,"M_mat","Newfoundland","Newfoundland_M"
"367",1.05203,2009,"M_mat","Newfoundland","Newfoundland_M"
"368",1.18599,2010,"M_mat","Newfoundland","Newfoundland_M"
"369",0.511685,2011,"M_mat","Newfoundland","Newfoundland_M"
"370",0.461209,2012,"M_mat","Newfoundland","Newfoundland_M"
"371",0.841436,2013,"M_mat","Newfoundland","Newfoundland_M"
"372",1.09805,2014,"M_mat","Newfoundland","Newfoundland_M"
"373",0.23815,2015,"M_mat","Newfoundland","Newfoundland_M"
"374",0.29934,2016,"M_mat","Newfoundland","Newfoundland_M"
"375",0.70638,2017,"M_mat","Newfoundland","Newfoundland_M"
"376",0.388179,2018,"M_mat","Newfoundland","Newfoundland_M"
"377",0.737901,2019,"M_mat","Newfoundland","Newfoundland_M"
"378",0.925387,2020,"M_mat","Newfoundland","Newfoundland_M"
"379",1.51799,2021,"M_mat","Newfoundland","Newfoundland_M"
"380",1.38437,2022,"M_mat","Newfoundland","Newfoundland_M"
"381",0.676474,2023,"M_mat","Newfoundland","Newfoundland_M"
"382",0.543104,1995,"Fishing mortality","Newfoundland","Newfoundland_F"
"383",0.373557,1996,"Fishing mortality","Newfoundland","Newfoundland_F"
"384",0.417201,1997,"Fishing mortality","Newfoundland","Newfoundland_F"
"385",1.79407,1998,"Fishing mortality","Newfoundland","Newfoundland_F"
"386",1.2246,1999,"Fishing mortality","Newfoundland","Newfoundland_F"
"387",1.44835,2000,"Fishing mortality","Newfoundland","Newfoundland_F"
"388",1.48593,2001,"Fishing mortality","Newfoundland","Newfoundland_F"
"389",3.6174,2002,"Fishing mortality","Newfoundland","Newfoundland_F"
"390",3.91801,2003,"Fishing mortality","Newfoundland","Newfoundland_F"
"391",1.57303,2004,"Fishing mortality","Newfoundland","Newfoundland_F"
"392",1.15621,2005,"Fishing mortality","Newfoundland","Newfoundland_F"
"393",1.15591,2006,"Fishing mortality","Newfoundland","Newfoundland_F"
"394",1.27905,2007,"Fishing mortality","Newfoundland","Newfoundland_F"
"395",1.29283,2008,"Fishing mortality","Newfoundland","Newfoundland_F"
"396",1.35253,2009,"Fishing mortality","Newfoundland","Newfoundland_F"
"397",1.98052,2010,"Fishing mortality","Newfoundland","Newfoundland_F"
"398",1.53566,2011,"Fishing mortality","Newfoundland","Newfoundland_F"
"399",1.32386,2012,"Fishing mortality","Newfoundland","Newfoundland_F"
"400",1.37843,2013,"Fishing mortality","Newfoundland","Newfoundland_F"
"401",1.9978,2014,"Fishing mortality","Newfoundland","Newfoundland_F"
"402",1.759,2015,"Fishing mortality","Newfoundland","Newfoundland_F"
"403",1.74094,2016,"Fishing mortality","Newfoundland","Newfoundland_F"
"404",1.25871,2017,"Fishing mortality","Newfoundland","Newfoundland_F"
"405",0.888369,2018,"Fishing mortality","Newfoundland","Newfoundland_F"
"406",0.81008,2019,"Fishing mortality","Newfoundland","Newfoundland_F"
"407",0.781892,2020,"Fishing mortality","Newfoundland","Newfoundland_F"
"408",1.11175,2021,"Fishing mortality","Newfoundland","Newfoundland_F"
"409",1.53437,2022,"Fishing mortality","Newfoundland","Newfoundland_F"
"410",2.11763,2023,"Fishing mortality","Newfoundland","Newfoundland_F"
"411",1,1995,"N_imm","Newfoundland","Newfoundland_N"
"412",0.866632082831225,1996,"N_imm","Newfoundland","Newfoundland_N"
"413",0.525592543917045,1997,"N_imm","Newfoundland","Newfoundland_N"
"414",0.551119763987475,1998,"N_imm","Newfoundland","Newfoundland_N"
"415",0.315322556528587,1999,"N_imm","Newfoundland","Newfoundland_N"
"416",0.424496031273654,2000,"N_imm","Newfoundland","Newfoundland_N"
"417",0.339425397851054,2001,"N_imm","Newfoundland","Newfoundland_N"
"418",0.303584518045702,2002,"N_imm","Newfoundland","Newfoundland_N"
"419",0.219350770029364,2003,"N_imm","Newfoundland","Newfoundland_N"
"420",0.272059532764847,2004,"N_imm","Newfoundland","Newfoundland_N"
"421",0.282668437335352,2005,"N_imm","Newfoundland","Newfoundland_N"
"422",0.533699987362442,2006,"N_imm","Newfoundland","Newfoundland_N"
"423",0.359357534388,2007,"N_imm","Newfoundland","Newfoundland_N"
"424",0.478575206869488,2008,"N_imm","Newfoundland","Newfoundland_N"
"425",0.325746895214158,2009,"N_imm","Newfoundland","Newfoundland_N"
"426",0.113576181141434,2010,"N_imm","Newfoundland","Newfoundland_N"
"427",0.0854797287850914,2011,"N_imm","Newfoundland","Newfoundland_N"
"428",0.10421065506909,2012,"N_imm","Newfoundland","Newfoundland_N"
"429",0.114851420576002,2013,"N_imm","Newfoundland","Newfoundland_N"
"430",0.190706861922876,2014,"N_imm","Newfoundland","Newfoundland_N"
"431",0.109343268610409,2015,"N_imm","Newfoundland","Newfoundland_N"
"432",0.126256589457249,2016,"N_imm","Newfoundland","Newfoundland_N"
"433",0.248572991253041,2017,"N_imm","Newfoundland","Newfoundland_N"
"434",0.266136831032466,2018,"N_imm","Newfoundland","Newfoundland_N"
"435",0.37655337244499,2019,"N_imm","Newfoundland","Newfoundland_N"
"436",0.637147150101532,2020,"N_imm","Newfoundland","Newfoundland_N"
"437",0.290490187009423,2021,"N_imm","Newfoundland","Newfoundland_N"
"438",0.16597900006525,2022,"N_imm","Newfoundland","Newfoundland_N"
"439",0.0666051014544415,2023,"N_imm","Newfoundland","Newfoundland_N"
"440",1,1995,"N_mat","Newfoundland","Newfoundland_N"
"441",0.674527572931007,1996,"N_mat","Newfoundland","Newfoundland_N"
"442",0.952405194104133,1997,"N_mat","Newfoundland","Newfoundland_N"
"443",0.699149405346411,1998,"N_mat","Newfoundland","Newfoundland_N"
"444",0.2347803663587,1999,"N_mat","Newfoundland","Newfoundland_N"
"445",0.241926328022096,2000,"N_mat","Newfoundland","Newfoundland_N"
"446",0.209114642257992,2001,"N_mat","Newfoundland","Newfoundland_N"
"447",0.209179810433705,2002,"N_mat","Newfoundland","Newfoundland_N"
"448",0.225193737401711,2003,"N_mat","Newfoundland","Newfoundland_N"
"449",0.26884866441626,2004,"N_mat","Newfoundland","Newfoundland_N"
"450",0.385901205336455,2005,"N_mat","Newfoundland","Newfoundland_N"
"451",0.553822480413032,2006,"N_mat","Newfoundland","Newfoundland_N"
"452",0.64018786588619,2007,"N_mat","Newfoundland","Newfoundland_N"
"453",0.535898059159641,2008,"N_mat","Newfoundland","Newfoundland_N"
"454",0.418108968436876,2009,"N_mat","Newfoundland","Newfoundland_N"
"455",0.22630479229269,2010,"N_mat","Newfoundland","Newfoundland_N"
"456",0.11173520747639,2011,"N_mat","Newfoundland","Newfoundland_N"
"457",0.0952869933329165,2012,"N_mat","Newfoundland","Newfoundland_N"
"458",0.13101149790981,2013,"N_mat","Newfoundland","Newfoundland_N"
"459",0.178108524242747,2014,"N_mat","Newfoundland","Newfoundland_N"
"460",0.163040372537362,2015,"N_mat","Newfoundland","Newfoundland_N"
"461",0.219997879890458,2016,"N_mat","Newfoundland","Newfoundland_N"
"462",0.437488733590272,2017,"N_mat","Newfoundland","Newfoundland_N"
"463",0.411080381173013,2018,"N_mat","Newfoundland","Newfoundland_N"
"464",0.49701017522525,2019,"N_mat","Newfoundland","Newfoundland_N"
"465",0.564556341330751,2020,"N_mat","Newfoundland","Newfoundland_N"
"466",0.447574480094971,2021,"N_mat","Newfoundland","Newfoundland_N"
"467",0.239544130571118,2022,"N_mat","Newfoundland","Newfoundland_N"
"468",0.109211486677301,2023,"N_mat","Newfoundland","Newfoundland_N"
"469",57.0704900084105,1995,"avg_size","Newfoundland","Newfoundland_a"
"470",56.1252402794724,1996,"avg_size","Newfoundland","Newfoundland_a"
"471",56.5620445514526,1997,"avg_size","Newfoundland","Newfoundland_a"
"472",58.002770296557,1998,"avg_size","Newfoundland","Newfoundland_a"
"473",55.9071879953693,1999,"avg_size","Newfoundland","Newfoundland_a"
"474",56.1763103558871,2000,"avg_size","Newfoundland","Newfoundland_a"
"475",57.9183527292505,2001,"avg_size","Newfoundland","Newfoundland_a"
"476",55.8251903358289,2002,"avg_size","Newfoundland","Newfoundland_a"
"477",57.9311497604019,2003,"avg_size","Newfoundland","Newfoundland_a"
"478",56.5925831707228,2004,"avg_size","Newfoundland","Newfoundland_a"
"479",54.3548692256549,2005,"avg_size","Newfoundland","Newfoundland_a"
"480",54.2553102847926,2006,"avg_size","Newfoundland","Newfoundland_a"
"481",56.4657350674937,2007,"avg_size","Newfoundland","Newfoundland_a"
"482",57.0233142835236,2008,"avg_size","Newfoundland","Newfoundland_a"
"483",59.0836430285094,2009,"avg_size","Newfoundland","Newfoundland_a"
"484",65.8363391835709,2010,"avg_size","Newfoundland","Newfoundland_a"
"485",60.6439951257781,2011,"avg_size","Newfoundland","Newfoundland_a"
"486",57.7161993713627,2012,"avg_size","Newfoundland","Newfoundland_a"
"487",60.3595605724257,2013,"avg_size","Newfoundland","Newfoundland_a"
"488",56.4552896947802,2014,"avg_size","Newfoundland","Newfoundland_a"
"489",55.0104097227973,2015,"avg_size","Newfoundland","Newfoundland_a"
"490",56.9172209332548,2016,"avg_size","Newfoundland","Newfoundland_a"
"491",54.267781207511,2017,"avg_size","Newfoundland","Newfoundland_a"
"492",54.6697426522671,2018,"avg_size","Newfoundland","Newfoundland_a"
"493",56.794063148001,2019,"avg_size","Newfoundland","Newfoundland_a"
"494",56.2432833678367,2020,"avg_size","Newfoundland","Newfoundland_a"
"495",60.7163975188807,2021,"avg_size","Newfoundland","Newfoundland_a"
"496",60.9790305631442,2022,"avg_size","Newfoundland","Newfoundland_a"
"497",62.081616581267,2023,"avg_size","Newfoundland","Newfoundland_a"
"498",6578870000,1992,"Recruitment","Gulf of St Lawrence","Gulf of St Lawrence_R"
"499",6856520000,1993,"Recruitment","Gulf of St Lawrence","Gulf of St Lawrence_R"
"500",4638950000,1994,"Recruitment","Gulf of St Lawrence","Gulf of St Lawrence_R"
"501",1281810000,1995,"Recruitment","Gulf of St Lawrence","Gulf of St Lawrence_R"
"502",561680000,1996,"Recruitment","Gulf of St Lawrence","Gulf of St Lawrence_R"
"503",1205970000,1997,"Recruitment","Gulf of St Lawrence","Gulf of St Lawrence_R"
"504",962722000,1998,"Recruitment","Gulf of St Lawrence","Gulf of St Lawrence_R"
"505",904636000,1999,"Recruitment","Gulf of St Lawrence","Gulf of St Lawrence_R"
"506",1281380000,2000,"Recruitment","Gulf of St Lawrence","Gulf of St Lawrence_R"
"507",1733630000,2001,"Recruitment","Gulf of St Lawrence","Gulf of St Lawrence_R"
"508",2059300000,2002,"Recruitment","Gulf of St Lawrence","Gulf of St Lawrence_R"
"509",1548490000,2003,"Recruitment","Gulf of St Lawrence","Gulf of St Lawrence_R"
"510",2328120000,2004,"Recruitment","Gulf of St Lawrence","Gulf of St Lawrence_R"
"511",2401200000,2005,"Recruitment","Gulf of St Lawrence","Gulf of St Lawrence_R"
"512",1926210000,2006,"Recruitment","Gulf of St Lawrence","Gulf of St Lawrence_R"
"513",1557750000,2007,"Recruitment","Gulf of St Lawrence","Gulf of St Lawrence_R"
"514",1671170000,2008,"Recruitment","Gulf of St Lawrence","Gulf of St Lawrence_R"
"515",2011320000,2009,"Recruitment","Gulf of St Lawrence","Gulf of St Lawrence_R"
"516",3635470000,2010,"Recruitment","Gulf of St Lawrence","Gulf of St Lawrence_R"
"517",2679120000,2011,"Recruitment","Gulf of St Lawrence","Gulf of St Lawrence_R"
"518",4163060000,2012,"Recruitment","Gulf of St Lawrence","Gulf of St Lawrence_R"
"519",3846070000,2013,"Recruitment","Gulf of St Lawrence","Gulf of St Lawrence_R"
"520",4826560000,2014,"Recruitment","Gulf of St Lawrence","Gulf of St Lawrence_R"
"521",7086640000,2015,"Recruitment","Gulf of St Lawrence","Gulf of St Lawrence_R"
"522",4801040000,2016,"Recruitment","Gulf of St Lawrence","Gulf of St Lawrence_R"
"523",2524940000,2017,"Recruitment","Gulf of St Lawrence","Gulf of St Lawrence_R"
"524",2543990000,2018,"Recruitment","Gulf of St Lawrence","Gulf of St Lawrence_R"
"525",0.519957,1997,"M_imm","Gulf of St Lawrence","Gulf of St Lawrence_M"
"526",0.411151,1998,"M_imm","Gulf of St Lawrence","Gulf of St Lawrence_M"
"527",0.570321,1999,"M_imm","Gulf of St Lawrence","Gulf of St Lawrence_M"
"528",0.370633,2000,"M_imm","Gulf of St Lawrence","Gulf of St Lawrence_M"
"529",0.473855,2001,"M_imm","Gulf of St Lawrence","Gulf of St Lawrence_M"
"530",0.25852,2002,"M_imm","Gulf of St Lawrence","Gulf of St Lawrence_M"
"531",0.332455,2003,"M_imm","Gulf of St Lawrence","Gulf of St Lawrence_M"
"532",0.239682,2004,"M_imm","Gulf of St Lawrence","Gulf of St Lawrence_M"
"533",0.259734,2005,"M_imm","Gulf of St Lawrence","Gulf of St Lawrence_M"
"534",0.139944,2006,"M_imm","Gulf of St Lawrence","Gulf of St Lawrence_M"
"535",0.177459,2007,"M_imm","Gulf of St Lawrence","Gulf of St Lawrence_M"
"536",0.257682,2008,"M_imm","Gulf of St Lawrence","Gulf of St Lawrence_M"
"537",0.216528,2009,"M_imm","Gulf of St Lawrence","Gulf of St Lawrence_M"
"538",0.406341,2010,"M_imm","Gulf of St Lawrence","Gulf of St Lawrence_M"
"539",0.283485,2011,"M_imm","Gulf of St Lawrence","Gulf of St Lawrence_M"
"540",0.368556,2012,"M_imm","Gulf of St Lawrence","Gulf of St Lawrence_M"
"541",0.249941,2013,"M_imm","Gulf of St Lawrence","Gulf of St Lawrence_M"
"542",0.225877,2014,"M_imm","Gulf of St Lawrence","Gulf of St Lawrence_M"
"543",0.365904,2015,"M_imm","Gulf of St Lawrence","Gulf of St Lawrence_M"
"544",0.390845,2016,"M_imm","Gulf of St Lawrence","Gulf of St Lawrence_M"
"545",0.379601,2017,"M_imm","Gulf of St Lawrence","Gulf of St Lawrence_M"
"546",0.211634,2018,"M_imm","Gulf of St Lawrence","Gulf of St Lawrence_M"
"547",0.437224,2019,"M_imm","Gulf of St Lawrence","Gulf of St Lawrence_M"
"548",0.505371,2020,"M_imm","Gulf of St Lawrence","Gulf of St Lawrence_M"
"549",0.680537,2021,"M_imm","Gulf of St Lawrence","Gulf of St Lawrence_M"
"550",0.560615,2022,"M_imm","Gulf of St Lawrence","Gulf of St Lawrence_M"
"551",0.23022,2023,"M_imm","Gulf of St Lawrence","Gulf of St Lawrence_M"
"552",0.933295,1997,"M_mat","Gulf of St Lawrence","Gulf of St Lawrence_M"
"553",0.858083,1998,"M_mat","Gulf of St Lawrence","Gulf of St Lawrence_M"
"554",1.33854,1999,"M_mat","Gulf of St Lawrence","Gulf of St Lawrence_M"
"555",1.26345,2000,"M_mat","Gulf of St Lawrence","Gulf of St Lawrence_M"
"556",0.812555,2001,"M_mat","Gulf of St Lawrence","Gulf of St Lawrence_M"
"557",1.1064,2002,"M_mat","Gulf of St Lawrence","Gulf of St Lawrence_M"
"558",0.568242,2003,"M_mat","Gulf of St Lawrence","Gulf of St Lawrence_M"
"559",0.902199,2004,"M_mat","Gulf of St Lawrence","Gulf of St Lawrence_M"
"560",1.04221,2005,"M_mat","Gulf of St Lawrence","Gulf of St Lawrence_M"
"561",1.03738,2006,"M_mat","Gulf of St Lawrence","Gulf of St Lawrence_M"
"562",0.804159,2007,"M_mat","Gulf of St Lawrence","Gulf of St Lawrence_M"
"563",1.47976,2008,"M_mat","Gulf of St Lawrence","Gulf of St Lawrence_M"
"564",1.02773,2009,"M_mat","Gulf of St Lawrence","Gulf of St Lawrence_M"
"565",0.489058,2010,"M_mat","Gulf of St Lawrence","Gulf of St Lawrence_M"
"566",0.974805,2011,"M_mat","Gulf of St Lawrence","Gulf of St Lawrence_M"
"567",1.39916,2012,"M_mat","Gulf of St Lawrence","Gulf of St Lawrence_M"
"568",0.957176,2013,"M_mat","Gulf of St Lawrence","Gulf of St Lawrence_M"
"569",1.37358,2014,"M_mat","Gulf of St Lawrence","Gulf of St Lawrence_M"
"570",0.302544,2015,"M_mat","Gulf of St Lawrence","Gulf of St Lawrence_M"
"571",1.00487,2016,"M_mat","Gulf of St Lawrence","Gulf of St Lawrence_M"
"572",0.591312,2017,"M_mat","Gulf of St Lawrence","Gulf of St Lawrence_M"
"573",0.88589,2018,"M_mat","Gulf of St Lawrence","Gulf of St Lawrence_M"
"574",0.885745,2019,"M_mat","Gulf of St Lawrence","Gulf of St Lawrence_M"
"575",0.808685,2020,"M_mat","Gulf of St Lawrence","Gulf of St Lawrence_M"
"576",1.04663,2021,"M_mat","Gulf of St Lawrence","Gulf of St Lawrence_M"
"577",0.862747,2022,"M_mat","Gulf of St Lawrence","Gulf of St Lawrence_M"
"578",0.0377495,2023,"M_mat","Gulf of St Lawrence","Gulf of St Lawrence_M"
"579",0.21237,1997,"Fishing mortality","Gulf of St Lawrence","Gulf of St Lawrence_F"
"580",0.173915,1998,"Fishing mortality","Gulf of St Lawrence","Gulf of St Lawrence_F"
"581",0.166275,1999,"Fishing mortality","Gulf of St Lawrence","Gulf of St Lawrence_F"
"582",0.16379,2000,"Fishing mortality","Gulf of St Lawrence","Gulf of St Lawrence_F"
"583",0.155627,2001,"Fishing mortality","Gulf of St Lawrence","Gulf of St Lawrence_F"
"584",0.230381,2002,"Fishing mortality","Gulf of St Lawrence","Gulf of St Lawrence_F"
"585",0.196456,2003,"Fishing mortality","Gulf of St Lawrence","Gulf of St Lawrence_F"
"586",0.304894,2004,"Fishing mortality","Gulf of St Lawrence","Gulf of St Lawrence_F"
"587",0.336594,2005,"Fishing mortality","Gulf of St Lawrence","Gulf of St Lawrence_F"
"588",0.333022,2006,"Fishing mortality","Gulf of St Lawrence","Gulf of St Lawrence_F"
"589",0.318361,2007,"Fishing mortality","Gulf of St Lawrence","Gulf of St Lawrence_F"
"590",0.372911,2008,"Fishing mortality","Gulf of St Lawrence","Gulf of St Lawrence_F"
"591",0.338814,2009,"Fishing mortality","Gulf of St Lawrence","Gulf of St Lawrence_F"
"592",0.106873,2010,"Fishing mortality","Gulf of St Lawrence","Gulf of St Lawrence_F"
"593",0.0833677,2011,"Fishing mortality","Gulf of St Lawrence","Gulf of St Lawrence_F"
"594",0.233211,2012,"Fishing mortality","Gulf of St Lawrence","Gulf of St Lawrence_F"
"595",0.352752,2013,"Fishing mortality","Gulf of St Lawrence","Gulf of St Lawrence_F"
"596",0.274435,2014,"Fishing mortality","Gulf of St Lawrence","Gulf of St Lawrence_F"
"597",0.327287,2015,"Fishing mortality","Gulf of St Lawrence","Gulf of St Lawrence_F"
"598",0.260958,2016,"Fishing mortality","Gulf of St Lawrence","Gulf of St Lawrence_F"
"599",0.705007,2017,"Fishing mortality","Gulf of St Lawrence","Gulf of St Lawrence_F"
"600",0.357959,2018,"Fishing mortality","Gulf of St Lawrence","Gulf of St Lawrence_F"
"601",0.499747,2019,"Fishing mortality","Gulf of St Lawrence","Gulf of St Lawrence_F"
"602",0.368683,2020,"Fishing mortality","Gulf of St Lawrence","Gulf of St Lawrence_F"
"603",0.385068,2021,"Fishing mortality","Gulf of St Lawrence","Gulf of St Lawrence_F"
"604",0.649982,2022,"Fishing mortality","Gulf of St Lawrence","Gulf of St Lawrence_F"
"605",1.09716,2023,"Fishing mortality","Gulf of St Lawrence","Gulf of St Lawrence_F"
"606",0.954176313794375,1997,"N_imm","Gulf of St Lawrence","Gulf of St Lawrence_N"
"607",0.93439180472051,1998,"N_imm","Gulf of St Lawrence","Gulf of St Lawrence_N"
"608",1,1999,"N_imm","Gulf of St Lawrence","Gulf of St Lawrence_N"
"609",0.785255520411544,2000,"N_imm","Gulf of St Lawrence","Gulf of St Lawrence_N"
"610",0.537217120153946,2001,"N_imm","Gulf of St Lawrence","Gulf of St Lawrence_N"
"611",0.31334642086661,2002,"N_imm","Gulf of St Lawrence","Gulf of St Lawrence_N"
"612",0.271824978148507,2003,"N_imm","Gulf of St Lawrence","Gulf of St Lawrence_N"
"613",0.236052583598743,2004,"N_imm","Gulf of St Lawrence","Gulf of St Lawrence_N"
"614",0.215797668133515,2005,"N_imm","Gulf of St Lawrence","Gulf of St Lawrence_N"
"615",0.224736104965303,2006,"N_imm","Gulf of St Lawrence","Gulf of St Lawrence_N"
"616",0.289409322264604,2007,"N_imm","Gulf of St Lawrence","Gulf of St Lawrence_N"
"617",0.354829385915225,2008,"N_imm","Gulf of St Lawrence","Gulf of St Lawrence_N"
"618",0.339961229610062,2009,"N_imm","Gulf of St Lawrence","Gulf of St Lawrence_N"
"619",0.397946974922975,2010,"N_imm","Gulf of St Lawrence","Gulf of St Lawrence_N"
"620",0.392330565626674,2011,"N_imm","Gulf of St Lawrence","Gulf of St Lawrence_N"
"621",0.378854634618672,2012,"N_imm","Gulf of St Lawrence","Gulf of St Lawrence_N"
"622",0.321260680247822,2013,"N_imm","Gulf of St Lawrence","Gulf of St Lawrence_N"
"623",0.332105720208261,2014,"N_imm","Gulf of St Lawrence","Gulf of St Lawrence_N"
"624",0.370748456786227,2015,"N_imm","Gulf of St Lawrence","Gulf of St Lawrence_N"
"625",0.490091076289419,2016,"N_imm","Gulf of St Lawrence","Gulf of St Lawrence_N"
"626",0.484646786903776,2017,"N_imm","Gulf of St Lawrence","Gulf of St Lawrence_N"
"627",0.583781883966345,2018,"N_imm","Gulf of St Lawrence","Gulf of St Lawrence_N"
"628",0.702017196667032,2019,"N_imm","Gulf of St Lawrence","Gulf of St Lawrence_N"
"629",0.738041971692212,2020,"N_imm","Gulf of St Lawrence","Gulf of St Lawrence_N"
"630",0.877336845050059,2021,"N_imm","Gulf of St Lawrence","Gulf of St Lawrence_N"
"631",0.68882753583154,2022,"N_imm","Gulf of St Lawrence","Gulf of St Lawrence_N"
"632",0.494176151602245,2023,"N_imm","Gulf of St Lawrence","Gulf of St Lawrence_N"
"633",0.539723072910501,1997,"N_mat","Gulf of St Lawrence","Gulf of St Lawrence_N"
"634",0.751695095035533,1998,"N_mat","Gulf of St Lawrence","Gulf of St Lawrence_N"
"635",1,1999,"N_mat","Gulf of St Lawrence","Gulf of St Lawrence_N"
"636",0.789848477916683,2000,"N_mat","Gulf of St Lawrence","Gulf of St Lawrence_N"
"637",0.741871015127124,2001,"N_mat","Gulf of St Lawrence","Gulf of St Lawrence_N"
"638",0.709982614980543,2002,"N_mat","Gulf of St Lawrence","Gulf of St Lawrence_N"
"639",0.546690206856907,2003,"N_mat","Gulf of St Lawrence","Gulf of St Lawrence_N"
"640",0.487531680772763,2004,"N_mat","Gulf of St Lawrence","Gulf of St Lawrence_N"
"641",0.393506662623462,2005,"N_mat","Gulf of St Lawrence","Gulf of St Lawrence_N"
"642",0.327156078208029,2006,"N_mat","Gulf of St Lawrence","Gulf of St Lawrence_N"
"643",0.317902018866158,2007,"N_mat","Gulf of St Lawrence","Gulf of St Lawrence_N"
"644",0.399229308039742,2008,"N_mat","Gulf of St Lawrence","Gulf of St Lawrence_N"
"645",0.324214723894082,2009,"N_mat","Gulf of St Lawrence","Gulf of St Lawrence_N"
"646",0.398675499883455,2010,"N_mat","Gulf of St Lawrence","Gulf of St Lawrence_N"
"647",0.555513169419853,2011,"N_mat","Gulf of St Lawrence","Gulf of St Lawrence_N"
"648",0.555254051133607,2012,"N_mat","Gulf of St Lawrence","Gulf of St Lawrence_N"
"649",0.403839272438782,2013,"N_mat","Gulf of St Lawrence","Gulf of St Lawrence_N"
"650",0.389174758984836,2014,"N_mat","Gulf of St Lawrence","Gulf of St Lawrence_N"
"651",0.317482465699534,2015,"N_mat","Gulf of St Lawrence","Gulf of St Lawrence_N"
"652",0.435597155136434,2016,"N_mat","Gulf of St Lawrence","Gulf of St Lawrence_N"
"653",0.376962984227082,2017,"N_mat","Gulf of St Lawrence","Gulf of St Lawrence_N"
"654",0.489931249015635,2018,"N_mat","Gulf of St Lawrence","Gulf of St Lawrence_N"
"655",0.551407622152046,2019,"N_mat","Gulf of St Lawrence","Gulf of St Lawrence_N"
"656",0.552626920001753,2020,"N_mat","Gulf of St Lawrence","Gulf of St Lawrence_N"
"657",0.60704128508588,2021,"N_mat","Gulf of St Lawrence","Gulf of St Lawrence_N"
"658",0.636869050372046,2022,"N_mat","Gulf of St Lawrence","Gulf of St Lawrence_N"
"659",0.702303391754598,2023,"N_mat","Gulf of St Lawrence","Gulf of St Lawrence_N"
"660",42.4907913795414,1997,"avg_size","Gulf of St Lawrence","Gulf of St Lawrence_a"
"661",43.7568145281653,1998,"avg_size","Gulf of St Lawrence","Gulf of St Lawrence_a"
"662",44.2975683272374,1999,"avg_size","Gulf of St Lawrence","Gulf of St Lawrence_a"
"663",45.939396730973,2000,"avg_size","Gulf of St Lawrence","Gulf of St Lawrence_a"
"664",51.0233233386164,2001,"avg_size","Gulf of St Lawrence","Gulf of St Lawrence_a"
"665",56.4717167167576,2002,"avg_size","Gulf of St Lawrence","Gulf of St Lawrence_a"
"666",55.061203898673,2003,"avg_size","Gulf of St Lawrence","Gulf of St Lawrence_a"
"667",53.1203776949178,2004,"avg_size","Gulf of St Lawrence","Gulf of St Lawrence_a"
"668",51.7130029257064,2005,"avg_size","Gulf of St Lawrence","Gulf of St Lawrence_a"
"669",48.5834616528006,2006,"avg_size","Gulf of St Lawrence","Gulf of St Lawrence_a"
"670",45.7572162548957,2007,"avg_size","Gulf of St Lawrence","Gulf of St Lawrence_a"
"671",45.2643253661225,2008,"avg_size","Gulf of St Lawrence","Gulf of St Lawrence_a"
"672",47.1165241879796,2009,"avg_size","Gulf of St Lawrence","Gulf of St Lawrence_a"
"673",46.5764166379482,2010,"avg_size","Gulf of St Lawrence","Gulf of St Lawrence_a"
"674",46.5628359424092,2011,"avg_size","Gulf of St Lawrence","Gulf of St Lawrence_a"
"675",47.1468712791931,2012,"avg_size","Gulf of St Lawrence","Gulf of St Lawrence_a"
"676",48.0182741566662,2013,"avg_size","Gulf of St Lawrence","Gulf of St Lawrence_a"
"677",48.430614927594,2014,"avg_size","Gulf of St Lawrence","Gulf of St Lawrence_a"
"678",47.814389286146,2015,"avg_size","Gulf of St Lawrence","Gulf of St Lawrence_a"
"679",44.9423801060602,2016,"avg_size","Gulf of St Lawrence","Gulf of St Lawrence_a"
"680",45.9410545656008,2017,"avg_size","Gulf of St Lawrence","Gulf of St Lawrence_a"
"681",44.6099894975807,2018,"avg_size","Gulf of St Lawrence","Gulf of St Lawrence_a"
"682",45.625203001428,2019,"avg_size","Gulf of St Lawrence","Gulf of St Lawrence_a"
"683",45.5667366418379,2020,"avg_size","Gulf of St Lawrence","Gulf of St Lawrence_a"
"684",43.6677817120456,2021,"avg_size","Gulf of St Lawrence","Gulf of St Lawrence_a"
"685",44.5292168547089,2022,"avg_size","Gulf of St Lawrence","Gulf of St Lawrence_a"
"686",46.6979631533867,2023,"avg_size","Gulf of St Lawrence","Gulf of St Lawrence_a"
